,locus,erv.assigned,clade
1,RETROSEQ_NW_018343952.1:1275459-1275571s,pCi643,SMRVlike
2,RETROSEQ_NW_018343952.1:12770047-12770147s,pCi138,KoRVlike
3,RETROSEQ_NW_018343952.1:14160845-14160945,pCi147,Betalike_crown
4,RETROSEQ_NW_018343952.1:21821677-21821777s,pCi138,KoRVlike
5,RETROSEQ_NW_018343952.1:28268136-28268276s,pCi138,KoRVlike
6,RETROSEQ_NW_018343952.1:35355579-35355679s,pCi47,SMRVlike
7,RETROSEQ_NW_018343953.1:6357528-6357628s,pCi47,SMRVlike
8,RETROSEQ_NW_018343954.1:10153564-10153664s,pCi138,KoRVlike
9,RETROSEQ_NW_018343954.1:28023978-28024078s,pCi47,SMRVlike
10,RETROSEQ_NW_018343954.1:28813227-28813327s,pCi47,SMRVlike
11,RETROSEQ_NW_018343954.1:3222837-3222937s,pCi47,SMRVlike
12,RETROSEQ_NW_018343954.1:3521904-3522004s,pCi47,SMRVlike
13,RETROSEQ_NW_018343954.1:8272249-8272423s,pCi138,KoRVlike
14,RETROSEQ_NW_018343955.1:14912304-14912404,pCi138,KoRVlike
15,RETROSEQ_NW_018343955.1:15105243-15105343s,pCi138,KoRVlike
16,RETROSEQ_NW_018343955.1:23840416-23840516s,pCi138,KoRVlike
17,RETROSEQ_NW_018343955.1:23925850-23925950s,pCi47,SMRVlike
18,RETROSEQ_NW_018343955.1:28095056-28095156s,pCi998,SMRVlike
19,RETROSEQ_NW_018343955.1:33897862-33897970,pCi387,Betalike_crown
20,RETROSEQ_NW_018343956.1:22649853-22649953,pCi833,SMRVlike
21,RETROSEQ_NW_018343956.1:25653114-25653215,pCi494,Betalike_crown
22,RETROSEQ_NW_018343956.1:33356431-33356531s,pCi138,KoRVlike
23,RETROSEQ_NW_018343956.1:9159256-9159356s,pCi138,KoRVlike
24,RETROSEQ_NW_018343957.1:10682881-10682981s,pCi47,SMRVlike
25,RETROSEQ_NW_018343957.1:1776006-1776106s,pCi47,SMRVlike
26,RETROSEQ_NW_018343957.1:21656194-21656352,pCi471,Betalike_crown
27,RETROSEQ_NW_018343957.1:2868950-2869069s,pCi914,SMRVlike
28,RETROSEQ_NW_018343958.1:16041373-16041473s,pCi138,KoRVlike
29,RETROSEQ_NW_018343958.1:25181576-25181701s,pCi138,KoRVlike
30,RETROSEQ_NW_018343959.1:21575569-21575679,pCi147,Betalike_crown
31,RETROSEQ_NW_018343959.1:25523927-25524027,pCi844,Betalike_crown
32,RETROSEQ_NW_018343959.1:27113680-27113780s,pCi47,SMRVlike
33,RETROSEQ_NW_018343960.1:16383473-16383573s,pCi983,SMRVlike
34,RETROSEQ_NW_018343960.1:19180202-19180302s,pCi138,KoRVlike
35,RETROSEQ_NW_018343960.1:3050138-3050238,pCi47,SMRVlike
36,RETROSEQ_NW_018343960.1:3604949-3605049s,pCi138,KoRVlike
37,RETROSEQ_NW_018343960.1:8429843-8429943s,pCi138,KoRVlike
38,RETROSEQ_NW_018343960.1:9285452-9285552s,pCi47,SMRVlike
39,RETROSEQ_NW_018343961.1:20016269-20016369s,pCi138,KoRVlike
40,RETROSEQ_NW_018343962.1:21210884-21210984s,pCi138,KoRVlike
41,RETROSEQ_NW_018343962.1:4328286-4328386s,pCi138,KoRVlike
42,RETROSEQ_NW_018343963.1:19108578-19108678s,pCi138,KoRVlike
43,RETROSEQ_NW_018343963.1:4241002-4241102s,pCi138,KoRVlike
44,RETROSEQ_NW_018343963.1:5879535-5879635,pCi34,Betalike_crown
45,RETROSEQ_NW_018343963.1:821619-821719s,pCi47,SMRVlike
46,RETROSEQ_NW_018343964.1:17541751-17541851s,pCi138,KoRVlike
47,RETROSEQ_NW_018343964.1:4962569-4962669s,pCi47,SMRVlike
48,RETROSEQ_NW_018343964.1:7342736-7342836s,pCi138,KoRVlike
49,RETROSEQ_NW_018343965.1:18117982-18118082s,pCi138,KoRVlike
50,RETROSEQ_NW_018343965.1:3819391-3819491,pCi147,Betalike_crown
51,RETROSEQ_NW_018343965.1:8340710-8340810s,pCi47,SMRVlike
52,RETROSEQ_NW_018343966.1:258454-258554s,pCi138,KoRVlike
53,RETROSEQ_NW_018343967.1:1176939-1177039s,pCi47,SMRVlike
54,RETROSEQ_NW_018343967.1:3451074-3451174s,pCi138,KoRVlike
55,RETROSEQ_NW_018343967.1:7064889-7064989,pCi387,Betalike_crown
56,RETROSEQ_NW_018343969.1:14861462-14861562,pCi571,Betalike_crown
57,RETROSEQ_NW_018343969.1:17393390-17393490s,pCi138,KoRVlike
58,RETROSEQ_NW_018343969.1:4070807-4070907s,pCi47,SMRVlike
59,RETROSEQ_NW_018343970.1:145228-145328s,pCi47,SMRVlike
60,RETROSEQ_NW_018343970.1:2787206-2787306s,pCi138,KoRVlike
61,RETROSEQ_NW_018343971.1:17474921-17475021s,pCi47,SMRVlike
62,RETROSEQ_NW_018343971.1:2052053-2052153s,pCi47,SMRVlike
63,RETROSEQ_NW_018343972.1:7206227-7206327s,pCi138,KoRVlike
64,RETROSEQ_NW_018343972.1:7797243-7797343s,pCi47,SMRVlike
65,RETROSEQ_NW_018343973.1:16701831-16701954,pCi71,SMRVlike
66,RETROSEQ_NW_018343973.1:5566047-5566147s,pCi138,KoRVlike
67,RETROSEQ_NW_018343973.1:7821379-7821486s,pCi47,SMRVlike
68,RETROSEQ_NW_018343973.1:9641131-9641231,pCi449,Betalike_crown
69,RETROSEQ_NW_018343974.1:14570436-14570536s,pCi47,SMRVlike
70,RETROSEQ_NW_018343974.1:21235356-21235456,pCi844,Betalike_crown
71,RETROSEQ_NW_018343975.1:13595234-13595334s,pCi47,SMRVlike
72,RETROSEQ_NW_018343975.1:17432627-17432727s,pCi47,SMRVlike
73,RETROSEQ_NW_018343975.1:19129290-19129390s,pCi47,SMRVlike
74,RETROSEQ_NW_018343975.1:3323058-3323158s,pCi138,KoRVlike
75,RETROSEQ_NW_018343976.1:12693058-12693164s,pCi421,Betalike_crown
76,RETROSEQ_NW_018343976.1:5999647-5999747s,pCi47,SMRVlike
77,RETROSEQ_NW_018343977.1:3518421-3518521s,pCi138,KoRVlike
78,RETROSEQ_NW_018343977.1:9173115-9173215s,pCi138,KoRVlike
79,RETROSEQ_NW_018343978.1:16952900-16953021s,pCi47,SMRVlike
80,RETROSEQ_NW_018343978.1:2711336-2711436s,pCi47,SMRVlike
81,RETROSEQ_NW_018343978.1:2817150-2817250,pCi138,KoRVlike
82,RETROSEQ_NW_018343978.1:4764149-4764249s,pCi47,SMRVlike
83,RETROSEQ_NW_018343978.1:6044171-6044271s,pCi47,SMRVlike
84,RETROSEQ_NW_018343978.1:9770547-9770647s,pCi138,KoRVlike
85,RETROSEQ_NW_018343979.1:11560684-11560784s,pCi47,SMRVlike
86,RETROSEQ_NW_018343979.1:408420-408520,pCi15,Betalike_crown
87,RETROSEQ_NW_018343980.1:4623532-4623632s,pCi138,KoRVlike
88,RETROSEQ_NW_018343981.1:14264569-14264669s,pCi138,KoRVlike
89,RETROSEQ_NW_018343981.1:20094531-20094631s,pCi138,KoRVlike
90,RETROSEQ_NW_018343981.1:20154695-20154819s,pCi194,SMRVlike
91,RETROSEQ_NW_018343981.1:2482113-2482213s,pCi138,KoRVlike
92,RETROSEQ_NW_018343982.1:15757179-15757279s,pCi47,SMRVlike
93,RETROSEQ_NW_018343982.1:7950407-7950507s,pCi138,KoRVlike
94,RETROSEQ_NW_018343983.1:10187249-10187349,pCi914,SMRVlike
95,RETROSEQ_NW_018343984.1:2743672-2743772s,pCi138,KoRVlike
96,RETROSEQ_NW_018343984.1:6710165-6710265,pCi760,Betalike_crown
97,RETROSEQ_NW_018343986.1:15579490-15579590s,pCi47,SMRVlike
98,RETROSEQ_NW_018343987.1:10789678-10789778s,pCi47,SMRVlike
99,RETROSEQ_NW_018343987.1:12809047-12809147s,pCi449,Betalike_crown
100,RETROSEQ_NW_018343988.1:5198606-5198706s,pCi138,KoRVlike
101,RETROSEQ_NW_018343989.1:2589143-2589243s,pCi138,KoRVlike
102,RETROSEQ_NW_018343990.1:16386977-16387077s,pCi138,KoRVlike
103,RETROSEQ_NW_018343990.1:17907075-17907175s,pCi138,KoRVlike
104,RETROSEQ_NW_018343990.1:3969763-3969863,pCi571,Betalike_crown
105,RETROSEQ_NW_018343990.1:4129141-4129241,pCi147,Betalike_crown
106,RETROSEQ_NW_018343991.1:16098301-16098401,pCi387,Betalike_crown
107,RETROSEQ_NW_018343991.1:3391316-3391416s,pCi47,SMRVlike
108,RETROSEQ_NW_018343993.1:15014983-15015083,pCi760,Betalike_crown
109,RETROSEQ_NW_018343993.1:16606003-16606103s,pCi47,SMRVlike
110,RETROSEQ_NW_018343993.1:21053-21153s,pCi138,KoRVlike
111,RETROSEQ_NW_018343993.1:4393660-4393760,pCi760,Betalike_crown
112,RETROSEQ_NW_018343993.1:9780644-9780744s,pCi617,KoRVlike
113,RETROSEQ_NW_018343994.1:15117962-15118062s,pCi47,SMRVlike
114,RETROSEQ_NW_018343997.1:11090687-11090792s,pCi47,SMRVlike
115,RETROSEQ_NW_018343997.1:9556256-9556356s,pCi47,SMRVlike
116,RETROSEQ_NW_018343998.1:15500358-15500458s,pCi47,SMRVlike
117,RETROSEQ_NW_018343999.1:15219679-15219779,pCi321,Betalike_crown
118,RETROSEQ_NW_018343999.1:1826413-1826513s,pCi47,SMRVlike
119,RETROSEQ_NW_018343999.1:2842409-2842509s,pCi47,SMRVlike
120,RETROSEQ_NW_018343999.1:4198029-4198133s,pCi138,KoRVlike
121,RETROSEQ_NW_018344000.1:2840744-2840844,pCi138,KoRVlike
122,RETROSEQ_NW_018344000.1:5147432-5147532s,pCi138,KoRVlike
123,RETROSEQ_NW_018344002.1:13449271-13449371s,pCi47,SMRVlike
124,RETROSEQ_NW_018344005.1:11537748-11537848s,pCi47,SMRVlike
125,RETROSEQ_NW_018344005.1:13996248-13996348s,pCi47,SMRVlike
126,RETROSEQ_NW_018344005.1:1540715-1540815s,pCi138,KoRVlike
127,RETROSEQ_NW_018344005.1:5569409-5569509s,pCi138,KoRVlike
128,RETROSEQ_NW_018344005.1:6080956-6081056s,pCi138,KoRVlike
129,RETROSEQ_NW_018344006.1:13060245-13060345s,pCi47,SMRVlike
130,RETROSEQ_NW_018344006.1:14181138-14181238s,pCi138,KoRVlike
131,RETROSEQ_NW_018344007.1:13325251-13325351s,pCi47,SMRVlike
132,RETROSEQ_NW_018344009.1:13680754-13680861s,pCi138,KoRVlike
133,RETROSEQ_NW_018344009.1:9863829-9863929s,pCi138,KoRVlike
134,RETROSEQ_NW_018344010.1:2303688-2303788s,pCi47,SMRVlike
135,RETROSEQ_NW_018344012.1:7566755-7566855s,pCi138,KoRVlike
136,RETROSEQ_NW_018344014.1:6005223-6005323s,pCi138,KoRVlike
137,RETROSEQ_NW_018344017.1:8157382-8157482s,pCi138,KoRVlike
138,RETROSEQ_NW_018344017.1:937206-937306s,pCi47,SMRVlike
139,RETROSEQ_NW_018344018.1:1607949-1608049s,pCi138,KoRVlike
140,RETROSEQ_NW_018344019.1:11520844-11520944,pCi471,Betalike_crown
141,RETROSEQ_NW_018344020.1:476999-477099s,pCi138,KoRVlike
142,RETROSEQ_NW_018344021.1:12773934-12774034s,pCi47,SMRVlike
143,RETROSEQ_NW_018344022.1:7476000-7476100,pCi471,Betalike_crown
144,RETROSEQ_NW_018344022.1:9266300-9266400,pCi514,Betalike_crown
145,RETROSEQ_NW_018344023.1:12421740-12421885,pCi471,Betalike_crown
146,RETROSEQ_NW_018344025.1:8264521-8264621,pCi844,Betalike_crown
147,RETROSEQ_NW_018344026.1:11733245-11733345s,pCi47,SMRVlike
148,RETROSEQ_NW_018344026.1:2796520-2796620s,pCi47,SMRVlike
149,RETROSEQ_NW_018344026.1:8875425-8875525s,pCi47,SMRVlike
150,RETROSEQ_NW_018344027.1:212066-212166s,pCi138,KoRVlike
151,RETROSEQ_NW_018344027.1:413979-414079s,pCi138,KoRVlike
152,RETROSEQ_NW_018344030.1:305886-305986s,pCi138,KoRVlike
153,RETROSEQ_NW_018344031.1:2800152-2800252s,pCi47,SMRVlike
154,RETROSEQ_NW_018344032.1:3079723-3079825,pCi491,Betalike_crown
155,RETROSEQ_NW_018344033.1:1128522-1128622,pCi47,SMRVlike
156,RETROSEQ_NW_018344033.1:9278627-9278860s,pCi47,SMRVlike
157,RETROSEQ_NW_018344034.1:3445507-3445607s,pCi138,KoRVlike
158,RETROSEQ_NW_018344034.1:8736095-8736195,pCi449,Betalike_crown
159,RETROSEQ_NW_018344036.1:2165052-2165152s,pCi47,SMRVlike
160,RETROSEQ_NW_018344036.1:4257681-4257781,pCi138,KoRVlike
161,RETROSEQ_NW_018344037.1:2668759-2668877,pCi491,Betalike_crown
162,RETROSEQ_NW_018344038.1:5347614-5347714s,pCi983,SMRVlike
163,RETROSEQ_NW_018344038.1:7718603-7718703s,pCi138,KoRVlike
164,RETROSEQ_NW_018344039.1:1306879-1306979s,pCi138,KoRVlike
165,RETROSEQ_NW_018344040.1:3232403-3232503,pCi47,SMRVlike
166,RETROSEQ_NW_018344041.1:2119282-2119382s,pCi47,SMRVlike
167,RETROSEQ_NW_018344041.1:2120630-2120730s,pCi47,SMRVlike
168,RETROSEQ_NW_018344041.1:2226198-2226298s,pCi138,KoRVlike
169,RETROSEQ_NW_018344042.1:4495546-4495646s,pCi138,KoRVlike
170,RETROSEQ_NW_018344043.1:1800403-1800503s,pCi47,SMRVlike
171,RETROSEQ_NW_018344043.1:7056402-7056502s,pCi138,KoRVlike
172,RETROSEQ_NW_018344043.1:7537581-7537681s,pCi138,KoRVlike
173,RETROSEQ_NW_018344044.1:2453180-2453280s,pCi47,SMRVlike
174,RETROSEQ_NW_018344044.1:3691033-3691133s,pCi47,SMRVlike
175,RETROSEQ_NW_018344044.1:9966836-9966936s,pCi47,SMRVlike
176,RETROSEQ_NW_018344046.1:1523051-1523151s,pCi138,KoRVlike
177,RETROSEQ_NW_018344046.1:3992797-3992897s,pCi47,SMRVlike
178,RETROSEQ_NW_018344046.1:9589644-9589744s,pCi138,KoRVlike
179,RETROSEQ_NW_018344048.1:1031488-1031588s,pCi138,KoRVlike
180,RETROSEQ_NW_018344049.1:487936-488036s,pCi138,KoRVlike
181,RETROSEQ_NW_018344049.1:7280433-7280533,pCi47,SMRVlike
182,RETROSEQ_NW_018344051.1:3756655-3756755s,pCi138,KoRVlike
183,RETROSEQ_NW_018344052.1:5367532-5367632s,pCi138,KoRVlike
184,RETROSEQ_NW_018344053.1:2333596-2333696s,pCi138,KoRVlike
185,RETROSEQ_NW_018344054.1:7172945-7173045s,pCi47,SMRVlike
186,RETROSEQ_NW_018344054.1:7606759-7606859s,pCi47,SMRVlike
187,RETROSEQ_NW_018344054.1:8367139-8367239s,pCi47,SMRVlike
188,RETROSEQ_NW_018344055.1:9021447-9021547s,pCi47,SMRVlike
189,RETROSEQ_NW_018344056.1:214247-214388,pCi147,Betalike_crown
190,RETROSEQ_NW_018344056.1:5843301-5843401s,pCi47,SMRVlike
191,RETROSEQ_NW_018344057.1:2578796-2578896s,pCi47,SMRVlike
192,RETROSEQ_NW_018344057.1:7693900-7694000s,pCi47,SMRVlike
193,RETROSEQ_NW_018344059.1:6260727-6260827s,pCi138,KoRVlike
194,RETROSEQ_NW_018344059.1:6854430-6854530s,pCi138,KoRVlike
195,RETROSEQ_NW_018344062.1:3408266-3408366s,pCi47,SMRVlike
196,RETROSEQ_NW_018344064.1:662405-662523,pCi667,Betalike_crown
197,RETROSEQ_NW_018344064.1:8313887-8313987s,pCi47,SMRVlike
198,RETROSEQ_NW_018344065.1:1263667-1263767s,pCi138,KoRVlike
199,RETROSEQ_NW_018344066.1:762209-762309,pCi147,Betalike_crown
200,RETROSEQ_NW_018344068.1:5174631-5174731s,pCi47,SMRVlike
201,RETROSEQ_NW_018344070.1:675637-675737s,pCi47,SMRVlike
202,RETROSEQ_NW_018344072.1:3502024-3502124s,pCi47,SMRVlike
203,RETROSEQ_NW_018344072.1:5872996-5873096s,pCi47,SMRVlike
204,RETROSEQ_NW_018344075.1:3149176-3149276s,pCi138,KoRVlike
205,RETROSEQ_NW_018344075.1:4649802-4649902s,pCi138,KoRVlike
206,RETROSEQ_NW_018344075.1:6182255-6182355s,pCi138,KoRVlike
207,RETROSEQ_NW_018344075.1:7126303-7126403s,pCi47,SMRVlike
208,RETROSEQ_NW_018344076.1:5548317-5548492,pCi301,Betalike_crown
209,RETROSEQ_NW_018344077.1:413431-413531s,pCi270,SMRVlike
210,RETROSEQ_NW_018344077.1:8249960-8250060s,pCi47,SMRVlike
211,RETROSEQ_NW_018344078.1:2648203-2648303s,pCi138,KoRVlike
212,RETROSEQ_NW_018344078.1:8654814-8654914s,pCi138,KoRVlike
213,RETROSEQ_NW_018344078.1:8901318-8901418s,pCi138,KoRVlike
214,RETROSEQ_NW_018344080.1:3888606-3888706,pCi471,Betalike_crown
215,RETROSEQ_NW_018344081.1:6393443-6393543s,pCi617,KoRVlike
216,RETROSEQ_NW_018344081.1:7433980-7434080,pCi147,Betalike_crown
217,RETROSEQ_NW_018344082.1:690524-690624s,pCi47,SMRVlike
218,RETROSEQ_NW_018344083.1:5793040-5793140s,pCi47,SMRVlike
219,RETROSEQ_NW_018344084.1:5301571-5301671,pCi147,Betalike_crown
220,RETROSEQ_NW_018344088.1:1998756-1998856s,pCi138,KoRVlike
221,RETROSEQ_NW_018344088.1:2671670-2671770s,pCi138,KoRVlike
222,RETROSEQ_NW_018344088.1:3463031-3463131,pCi147,Betalike_crown
223,RETROSEQ_NW_018344089.1:2629742-2629842s,pCi138,KoRVlike
224,RETROSEQ_NW_018344089.1:5350062-5350162,pCi138,KoRVlike
225,RETROSEQ_NW_018344089.1:6269455-6269555s,pCi47,SMRVlike
226,RETROSEQ_NW_018344090.1:4257411-4257511s,pCi138,KoRVlike
227,RETROSEQ_NW_018344092.1:8014414-8014514s,pCi138,KoRVlike
228,RETROSEQ_NW_018344097.1:5366135-5366235s,pCi47,SMRVlike
229,RETROSEQ_NW_018344098.1:1726175-1726275,pCi514,Betalike_crown
230,RETROSEQ_NW_018344099.1:3919980-3920080s,pCi47,SMRVlike
231,RETROSEQ_NW_018344100.1:6624351-6624451s,pCi47,SMRVlike
232,RETROSEQ_NW_018344101.1:3620404-3620504s,pCi138,KoRVlike
233,RETROSEQ_NW_018344101.1:3658596-3658696s,pCi47,SMRVlike
234,RETROSEQ_NW_018344101.1:7473267-7473367,pCi147,Betalike_crown
235,RETROSEQ_NW_018344102.1:3535925-3536025s,pCi138,KoRVlike
236,RETROSEQ_NW_018344104.1:1731340-1731440s,pCi138,KoRVlike
237,RETROSEQ_NW_018344107.1:5470341-5470441s,pCi47,SMRVlike
238,RETROSEQ_NW_018344107.1:7365200-7365300,pCi471,Betalike_crown
239,RETROSEQ_NW_018344109.1:6894068-6894168,pCi449,Betalike_crown
240,RETROSEQ_NW_018344110.1:14346-14446s,pCi138,KoRVlike
241,RETROSEQ_NW_018344111.1:7141925-7142025s,pCi47,SMRVlike
242,RETROSEQ_NW_018344114.1:2886960-2887060s,pCi138,KoRVlike
243,RETROSEQ_NW_018344114.1:4188577-4188677s,pCi138,KoRVlike
244,RETROSEQ_NW_018344115.1:3402652-3402757,pCi138,KoRVlike
245,RETROSEQ_NW_018344115.1:4076022-4076122s,pCi47,SMRVlike
246,RETROSEQ_NW_018344115.1:6009536-6009636s,pCi138,KoRVlike
247,RETROSEQ_NW_018344118.1:6600865-6600965,pCi47,SMRVlike
248,RETROSEQ_NW_018344120.1:5719481-5719581s,pCi47,SMRVlike
249,RETROSEQ_NW_018344124.1:3403946-3404046s,pCi47,SMRVlike
250,RETROSEQ_NW_018344124.1:3997276-3997376s,pCi138,KoRVlike
251,RETROSEQ_NW_018344126.1:4389400-4389500s,pCi138,KoRVlike
252,RETROSEQ_NW_018344126.1:4632775-4632875,pCi471,Betalike_crown
253,RETROSEQ_NW_018344127.1:1764115-1764215s,pCi47,SMRVlike
254,RETROSEQ_NW_018344127.1:2285685-2285801,pCi914,SMRVlike
255,RETROSEQ_NW_018344129.1:4210889-4210989s,pCi47,SMRVlike
256,RETROSEQ_NW_018344130.1:1250967-1251117s,pCi47,SMRVlike
257,RETROSEQ_NW_018344132.1:976851-976951s,pCi47,SMRVlike
258,RETROSEQ_NW_018344133.1:2218283-2218383s,pCi47,SMRVlike
259,RETROSEQ_NW_018344135.1:4138546-4138646s,pCi47,SMRVlike
260,RETROSEQ_NW_018344139.1:5569906-5570006s,pCi138,KoRVlike
261,RETROSEQ_NW_018344142.1:3395562-3395675s,pCi138,KoRVlike
262,RETROSEQ_NW_018344142.1:5547255-5547355,pCi47,SMRVlike
263,RETROSEQ_NW_018344147.1:4401707-4401807s,pCi47,SMRVlike
264,RETROSEQ_NW_018344147.1:835502-835602s,pCi34,Betalike_crown
265,RETROSEQ_NW_018344148.1:5395366-5395466s,pCi47,SMRVlike
266,RETROSEQ_NW_018344152.1:4575844-4575944s,pCi47,SMRVlike
267,RETROSEQ_NW_018344153.1:1894334-1894446,pCi521,Betalike_crown
268,RETROSEQ_NW_018344153.1:2152980-2153080,pCi571,Betalike_crown
269,RETROSEQ_NW_018344155.1:1708781-1708881s,pCi47,SMRVlike
270,RETROSEQ_NW_018344156.1:634394-634508s,pCi138,KoRVlike
271,RETROSEQ_NW_018344157.1:1570077-1570190s,pCi138,KoRVlike
272,RETROSEQ_NW_018344157.1:4581943-4582043s,pCi138,KoRVlike
273,RETROSEQ_NW_018344158.1:1706668-1706768s,pCi138,KoRVlike
274,RETROSEQ_NW_018344160.1:2536702-2536802s,pCi47,SMRVlike
275,RETROSEQ_NW_018344160.1:533380-533552,pCi491,Betalike_crown
276,RETROSEQ_NW_018344166.1:3536855-3536955s,pCi138,KoRVlike
277,RETROSEQ_NW_018344167.1:320554-320654s,pCi138,KoRVlike
278,RETROSEQ_NW_018344167.1:547605-547705s,pCi138,KoRVlike
279,RETROSEQ_NW_018344167.1:980492-980592s,pCi138,KoRVlike
280,RETROSEQ_NW_018344169.1:4099028-4099128s,pCi47,SMRVlike
281,RETROSEQ_NW_018344170.1:4607383-4607483s,pCi138,KoRVlike
282,RETROSEQ_NW_018344175.1:3999496-3999616s,pCi194,SMRVlike
283,RETROSEQ_NW_018344177.1:2456123-2456223s,pCi138,KoRVlike
284,RETROSEQ_NW_018344179.1:1170859-1170959s,pCi138,KoRVlike
285,RETROSEQ_NW_018344180.1:619955-620058,pCi471,Betalike_crown
286,RETROSEQ_NW_018344183.1:2268372-2268472s,pCi47,SMRVlike
287,RETROSEQ_NW_018344183.1:2300950-2301050s,pCi138,KoRVlike
288,RETROSEQ_NW_018344183.1:4117739-4117839s,pCi138,KoRVlike
289,RETROSEQ_NW_018344184.1:1129280-1129380s,pCi47,SMRVlike
290,RETROSEQ_NW_018344185.1:3063606-3063706,pCi138,KoRVlike
291,RETROSEQ_NW_018344192.1:3394568-3394668s,pCi138,KoRVlike
292,RETROSEQ_NW_018344194.1:4078031-4078143s,pCi471,Betalike_crown
293,RETROSEQ_NW_018344197.1:4028048-4028148,pCi471,Betalike_crown
294,RETROSEQ_NW_018344197.1:828259-828359s,pCi138,KoRVlike
295,RETROSEQ_NW_018344198.1:1057126-1057269s,pCi47,SMRVlike
296,RETROSEQ_NW_018344198.1:1727171-1727271,pCi47,SMRVlike
297,RETROSEQ_NW_018344198.1:1961763-1961863,pCi47,SMRVlike
298,RETROSEQ_NW_018344199.1:3170238-3170340,pCi270,SMRVlike
299,RETROSEQ_NW_018344202.1:187561-187668s,pCi47,SMRVlike
300,RETROSEQ_NW_018344202.1:2555015-2555115s,pCi47,SMRVlike
301,RETROSEQ_NW_018344202.1:340198-340298s,pCi47,SMRVlike
302,RETROSEQ_NW_018344202.1:702564-702664s,pCi47,SMRVlike
303,RETROSEQ_NW_018344203.1:1587119-1587219s,pCi47,SMRVlike
304,RETROSEQ_NW_018344204.1:1087077-1087177s,pCi47,SMRVlike
305,RETROSEQ_NW_018344209.1:25425-25529,pCi494,Betalike_crown
306,RETROSEQ_NW_018344225.1:1114688-1114788,pCi34,Betalike_crown
307,RETROSEQ_NW_018344228.1:2529098-2529198s,pCi138,KoRVlike
308,RETROSEQ_NW_018344230.1:2724346-2724446s,pCi138,KoRVlike
309,RETROSEQ_NW_018344232.1:1246801-1246901s,pCi47,SMRVlike
310,RETROSEQ_NW_018344235.1:1405956-1406056s,pCi138,KoRVlike
311,RETROSEQ_NW_018344235.1:1585923-1586023s,pCi138,KoRVlike
312,RETROSEQ_NW_018344250.1:2442993-2443142,pCi319,Betalike_crown
313,RETROSEQ_NW_018344258.1:1943221-1943321s,pCi47,SMRVlike
314,RETROSEQ_NW_018344258.1:1943418-1943518s,pCi47,SMRVlike
315,RETROSEQ_NW_018344258.1:941466-941566s,pCi47,SMRVlike
316,RETROSEQ_NW_018344261.1:745425-745525s,pCi138,KoRVlike
317,RETROSEQ_NW_018344264.1:1523400-1523503s,pCi47,SMRVlike
318,RETROSEQ_NW_018344270.1:464887-464987s,pCi138,KoRVlike
319,RETROSEQ_NW_018344274.1:1318968-1319068s,pCi138,KoRVlike
320,RETROSEQ_NW_018344286.1:790975-791075s,pCi47,SMRVlike
321,RETROSEQ_NW_018344291.1:770474-770574,pCi47,SMRVlike
322,RETROSEQ_NW_018344302.1:1068640-1068740,pCi844,Betalike_crown
323,RETROSEQ_NW_018344302.1:222026-222140,pCi138,KoRVlike
324,RETROSEQ_NW_018344304.1:1162093-1162193s,pCi47,SMRVlike
325,RETROSEQ_NW_018344308.1:144903-145003s,pCi138,KoRVlike
326,RETROSEQ_NW_018344308.1:561009-561109s,pCi47,SMRVlike
327,RETROSEQ_NW_018344320.1:939241-939341s,pCi138,KoRVlike
328,RETROSEQ_NW_018344323.1:530604-530704,pCi471,Betalike_crown
329,RETROSEQ_NW_018344326.1:882729-882892,pCi90,Betalike_crown
330,RETROSEQ_NW_018344331.1:21556-21656s,pCi138,KoRVlike
331,RETROSEQ_NW_018344337.1:43870-43970s,pCi47,SMRVlike
332,RETROSEQ_NW_018344343.1:445999-446099s,pCi138,KoRVlike
333,RETROSEQ_NW_018344344.1:863157-863257s,pCi47,SMRVlike
334,RETROSEQ_NW_018344348.1:39538-39638s,pCi47,SMRVlike
335,RETROSEQ_NW_018344350.1:170157-170257s,pCi138,KoRVlike
336,RETROSEQ_NW_018344372.1:370712-370812,pCi471,Betalike_crown
337,RETROSEQ_NW_018344382.1:107020-107125,pCi421,Betalike_crown
338,RETROSEQ_NW_018344390.1:237737-237837s,pCi47,SMRVlike
339,RETROSEQ_NW_018344396.1:72231-72331,pCi471,Betalike_crown
340,RETROSEQ_NW_018344422.1:158484-158584,pCi471,Betalike_crown
341,RETROSEQ_NW_018344423.1:83833-83933s,pCi47,SMRVlike
342,RETROSEQ_NW_018344533.1:29552-29652,pCi449,Betalike_crown
343,RETROSEQ_NW_018344613.1:30982-31082,pCi471,Betalike_crown
344,RETROSEQ_NW_018344613.1:31141-31241,pCi471,Betalike_crown
345,DELETION_NW_018343952.1:16776752-16783454,pCi2,SMRVlike
346,DELETION_NW_018343953.1:37779866-37788554,pCi17,KoRVlike
347,DELETION_NW_018343954.1:5978512-5979748,pCi147,Betalike_crown
348,DELETION_NW_018343956.1:10725166-10725520,pCi270,SMRVlike
349,DELETION_NW_018343961.1:21305059-21312253,pCi880,SMRVlike
350,DELETION_NW_018343971.1:7508647-7517291,pCi921,SMRVlike
351,DELETION_NW_018343972.1:17325687-17333889,pCi933,SMRVlike
352,DELETION_NW_018343974.1:284610-293089,pCi954,KoRVlike
353,DELETION_NW_018343975.1:21888518-21890861,pCi321,Betalike_crown
354,DELETION_NW_018343977.1:10009887-10018424,pCi421,Betalike_crown
355,DELETION_NW_018343978.1:2807272-2815799,pCi988,KoRVlike
356,DELETION_NW_018343978.1:17507181-17515832,pCi983,SMRVlike
357,DELETION_NW_018343979.1:14125511-14134236,pCi989,SMRVlike
358,DELETION_NW_018343981.1:16882171-16890810,pCi1002,SMRVlike
359,DELETION_NW_018343986.1:17531051-17539680,pCi47,SMRVlike
360,DELETION_NW_018343987.1:24779-32930,pCi48,SMRVlike
361,DELETION_NW_018343990.1:17700196-17706876,pCi71,SMRVlike
362,DELETION_NW_018343993.1:10265633-10273101,pCi90,Betalike_crown
363,DELETION_NW_018344006.1:14159827-14168255,pCi138,KoRVlike
364,DELETION_NW_018344007.1:10556959-10565724,pCi140,KoRVlike
365,DELETION_NW_018344023.1:1970119-1970579,pCi270,SMRVlike
366,DELETION_NW_018344031.1:1268121-1276297,pCi241,SMRVlike
367,DELETION_NW_018344036.1:5232832-5241494,pCi270,SMRVlike
368,DELETION_NW_018344040.1:8038186-8048759,pCi491,Betalike_crown
369,DELETION_NW_018344042.1:4319726-4328597,pCi273,SMRVlike
370,DELETION_NW_018344046.1:1636849-1645470,pCi303,SMRVlike
371,DELETION_NW_018344052.1:2620730-2644082,pCi321,Betalike_crown
372,DELETION_NW_018344052.1:7608431-7612290,pCi954,KoRVlike
373,DELETION_NW_018344056.1:2283064-2294288,pCi571,Betalike_crown
374,DELETION_NW_018344059.1:8565269-8572096,pCi365,KoRVlike
375,DELETION_NW_018344060.1:1883136-1891898,pCi366,SMRVlike
376,DELETION_NW_018344062.1:426440-433821,pCi387,Betalike_crown
377,DELETION_NW_018344089.1:770295-777693,pCi449,Betalike_crown
378,DELETION_NW_018344092.1:5237717-5246365,pCi457,SMRVlike
379,DELETION_NW_018344115.1:5430921-5437761,pCi954,KoRVlike
380,DELETION_NW_018344115.1:5996350-6004998,pCi525,KoRVlike
381,DELETION_NW_018344160.1:5241441-5250138,pCi617,KoRVlike
382,DELETION_NW_018344243.1:692842-701399,pCi786,SMRVlike
383,DELETION_NW_018344278.1:748841-769943,pCi147,Betalike_crown
384,DELETION_NW_018344278.1:1979178-1986642,pCi844,Betalike_crown
385,DELETION_NW_018344286.1:112352-112615,pCi321,Betalike_crown
386,DELETION_NW_018344452.1:76479-86436,pCi491,Betalike_crown
387,DELETION_NW_018344501.1:35346-43915,pCi921,SMRVlike
388,DELETION_NW_018344613.1:30331-32731,pCi760,Betalike_crown
389,DELETION_NW_018344297.1:1641052-1649224,pCi833,SMRVlike
390,DELETION_NW_018344305.1:105586-110799,pCi147,Betalike_crown
391,DELETION_NW_018344182.1:3982434-3982768,pCi273,SMRVlike
392,DELETION_NW_018344443.1:40291-40645,pCi270,SMRVlike
