,LC1,LC2,HC1,HC2,LC3,LC4,LC5,LC6,LC7,HC3,LC8
RETROSEQ_NW_018343956.1:9159256-9159356,1,0,0,0,0,0,0,0,0,0,0
RETROSEQ_NW_018343969.1:4070807-4070907,1,0,0,1,0,0,0,0,0,0,0
RETROSEQ_NW_018343971.1:2052053-2052153,1,0,0,0,1,0,0,0,1,0,1
RETROSEQ_NW_018343973.1:7821379-7821486,1,0,0,1,0,0,0,0,0,0,0
RETROSEQ_NW_018343981.1:14264569-14264669,1,0,0,0,0,0,1,0,0,0,0
RETROSEQ_NW_018343981.1:20154695-20154819,1,1,0,1,1,1,0,0,0,0,1
RETROSEQ_NW_018343986.1:15579490-15579590,1,0,0,0,0,0,0,0,0,0,0
RETROSEQ_NW_018343991.1:3391316-3391416,1,0,1,0,1,0,0,0,0,0,0
RETROSEQ_NW_018344005.1:1540715-1540815,1,0,0,1,0,0,0,0,0,0,0
RETROSEQ_NW_018344027.1:413979-414079,1,1,1,0,0,0,0,0,1,0,0
RETROSEQ_NW_018344039.1:1306879-1306979,1,0,0,0,0,0,0,0,0,0,0
RETROSEQ_NW_018344049.1:487936-488036,1,0,1,0,0,0,1,0,0,0,0
RETROSEQ_NW_018344072.1:5872996-5873096,1,1,0,0,0,0,0,1,0,0,0
RETROSEQ_NW_018344090.1:4257411-4257511,1,1,1,0,0,0,0,1,1,0,1
RETROSEQ_NW_018344111.1:7141925-7142025,1,0,0,1,0,0,0,0,0,0,0
RETROSEQ_NW_018344133.1:2218283-2218383,1,1,0,0,0,0,0,0,1,0,0
RETROSEQ_NW_018344177.1:2456123-2456223,1,1,1,0,0,0,0,0,1,0,0
RETROSEQ_NW_018344228.1:2529098-2529198,1,0,0,0,0,0,0,0,0,0,0
RETROSEQ_NW_018344258.1:941466-941566,1,0,0,1,0,0,0,1,1,0,0
RETROSEQ_NW_018344308.1:561009-561109,1,0,0,1,0,0,0,0,0,0,0
RETROSEQ_NW_018344390.1:237737-237837,1,0,0,1,0,0,1,1,1,0,1
RETROSEQ_NW_018343952.1:28268136-28268276,0,1,1,0,0,0,1,0,0,0,0
RETROSEQ_NW_018343955.1:15105243-15105343,0,1,0,0,0,0,0,0,0,0,0
RETROSEQ_NW_018343967.1:3451074-3451174,0,1,0,1,0,0,0,0,0,0,0
RETROSEQ_NW_018343976.1:12693058-12693164,0,1,1,1,1,1,1,1,1,0,0
RETROSEQ_NW_018343993.1:16606003-16606103,0,1,0,0,0,0,0,0,0,1,0
RETROSEQ_NW_018344021.1:12773934-12774034,0,1,1,0,1,0,0,0,0,0,0
RETROSEQ_NW_018344033.1:9278627-9278860,0,1,0,1,1,0,0,0,0,0,1
RETROSEQ_NW_018344101.1:3620404-3620504,0,1,1,0,0,1,1,0,0,0,0
RETROSEQ_NW_018344110.1:14346-14446,0,1,0,0,0,0,0,1,0,0,0
RETROSEQ_NW_018344175.1:3999496-3999616,0,1,0,1,1,1,0,0,0,1,1
RETROSEQ_NW_018344198.1:1057126-1057269,0,1,1,1,0,0,1,0,1,1,0
RETROSEQ_NW_018344348.1:39538-39638,0,1,0,0,0,0,0,0,0,0,1
RETROSEQ_NW_018343952.1:12770047-12770147,0,0,1,0,0,0,0,0,0,0,0
RETROSEQ_NW_018343952.1:21821677-21821777,0,0,1,0,0,0,0,0,0,0,0
RETROSEQ_NW_018343954.1:10153564-10153664,0,0,1,0,0,0,0,0,0,0,1
RETROSEQ_NW_018343954.1:28023978-28024078,0,0,1,0,0,0,0,0,0,0,0
RETROSEQ_NW_018343954.1:8272249-8272423,0,0,1,1,0,1,0,0,1,0,0
RETROSEQ_NW_018343955.1:28095056-28095156,0,0,1,0,0,0,0,0,0,0,0
RETROSEQ_NW_018343957.1:10682881-10682981,0,0,1,0,0,0,0,0,0,0,0
RETROSEQ_NW_018343960.1:16383473-16383573,0,0,1,0,0,0,0,0,0,0,0
RETROSEQ_NW_018343960.1:3604949-3605049,0,0,1,0,0,0,0,0,0,0,0
RETROSEQ_NW_018343960.1:8429843-8429943,0,0,1,0,0,0,1,0,0,0,0
RETROSEQ_NW_018343962.1:4328286-4328386,0,0,1,0,0,0,0,0,0,0,0
RETROSEQ_NW_018343963.1:821619-821719,0,0,1,0,0,0,0,0,0,0,1
RETROSEQ_NW_018343964.1:7342736-7342836,0,0,1,0,0,0,0,0,0,0,0
RETROSEQ_NW_018343967.1:1176939-1177039,0,0,1,0,0,0,0,0,0,0,0
RETROSEQ_NW_018343970.1:2787206-2787306,0,0,1,0,0,0,0,0,0,0,0
RETROSEQ_NW_018343972.1:7206227-7206327,0,0,1,0,0,0,0,0,0,0,0
RETROSEQ_NW_018343972.1:7797243-7797343,0,0,1,0,0,0,0,1,0,0,0
RETROSEQ_NW_018343974.1:14570436-14570536,0,0,1,0,1,0,0,0,0,0,0
RETROSEQ_NW_018343975.1:19129290-19129390,0,0,1,0,0,0,0,0,0,0,0
RETROSEQ_NW_018343978.1:2711336-2711436,0,0,1,0,0,0,0,0,0,0,0
RETROSEQ_NW_018343978.1:9770547-9770647,0,0,1,0,0,0,0,0,0,0,0
RETROSEQ_NW_018343982.1:15757179-15757279,0,0,1,0,0,0,0,0,0,0,0
RETROSEQ_NW_018343982.1:7950407-7950507,0,0,1,0,0,0,0,0,0,0,0
RETROSEQ_NW_018343987.1:12809047-12809147,0,0,1,0,0,0,0,0,0,0,0
RETROSEQ_NW_018343990.1:16386977-16387077,0,0,1,0,0,0,0,0,0,0,0
RETROSEQ_NW_018343993.1:21053-21153,0,0,1,0,0,0,0,0,0,0,0
RETROSEQ_NW_018343993.1:9780644-9780744,0,0,1,0,0,0,0,0,1,0,0
RETROSEQ_NW_018343997.1:11090687-11090792,0,0,1,1,0,0,0,0,1,0,1
RETROSEQ_NW_018343999.1:2842409-2842509,0,0,1,0,0,0,0,0,0,0,0
RETROSEQ_NW_018343999.1:4198029-4198133,0,0,1,0,1,0,0,0,0,0,0
RETROSEQ_NW_018344002.1:13449271-13449371,0,0,1,0,0,0,0,0,0,0,0
RETROSEQ_NW_018344005.1:11537748-11537848,0,0,1,0,0,0,0,0,0,0,0
RETROSEQ_NW_018344009.1:9863829-9863929,0,0,1,0,0,0,0,0,0,0,0
RETROSEQ_NW_018344010.1:2303688-2303788,0,0,1,0,0,0,0,0,0,0,0
RETROSEQ_NW_018344020.1:476999-477099,0,0,1,0,0,0,0,0,0,0,0
RETROSEQ_NW_018344034.1:3445507-3445607,0,0,1,0,0,0,0,0,0,0,0
RETROSEQ_NW_018344036.1:2165052-2165152,0,0,1,0,0,0,0,0,0,0,0
RETROSEQ_NW_018344038.1:7718603-7718703,0,0,1,0,0,0,0,0,0,0,0
RETROSEQ_NW_018344041.1:2226198-2226298,0,0,1,0,0,0,0,0,0,0,1
RETROSEQ_NW_018344042.1:4495546-4495646,0,0,0,0,0,0,0,0,0,1,0
RETROSEQ_NW_018344043.1:1800403-1800503,0,0,1,0,0,0,0,0,0,0,0
RETROSEQ_NW_018344043.1:7537581-7537681,0,0,1,0,0,0,0,0,0,0,0
RETROSEQ_NW_018344044.1:3691033-3691133,0,0,1,0,0,0,0,0,0,0,0
RETROSEQ_NW_018344044.1:9966836-9966936,0,0,1,0,0,0,0,0,0,0,0
RETROSEQ_NW_018344051.1:3756655-3756755,0,0,1,0,0,0,0,0,0,0,0
RETROSEQ_NW_018344056.1:5843301-5843401,0,0,1,0,0,0,0,0,0,0,0
RETROSEQ_NW_018344057.1:2578796-2578896,0,0,1,0,0,0,0,0,0,0,0
RETROSEQ_NW_018344057.1:7693900-7694000,0,0,1,0,0,0,0,0,0,0,0
RETROSEQ_NW_018344064.1:8313887-8313987,0,0,1,0,0,0,0,0,0,0,1
RETROSEQ_NW_018344065.1:1263667-1263767,0,0,1,0,0,0,1,0,1,0,0
RETROSEQ_NW_018344077.1:413431-413531,0,0,1,1,0,1,0,0,0,1,0
RETROSEQ_NW_018344078.1:8901318-8901418,0,0,1,0,0,0,0,0,0,0,0
RETROSEQ_NW_018344081.1:6393443-6393543,0,0,1,0,0,0,0,0,0,0,0
RETROSEQ_NW_018344083.1:5793040-5793140,0,0,1,0,0,0,0,0,0,0,0
RETROSEQ_NW_018344088.1:1998756-1998856,0,0,1,0,0,0,0,0,0,0,0
RETROSEQ_NW_018344089.1:2629742-2629842,0,0,1,0,0,1,0,0,0,0,0
RETROSEQ_NW_018344089.1:6269455-6269555,0,0,1,0,0,0,0,0,0,0,0
RETROSEQ_NW_018344097.1:5366135-5366235,0,0,1,0,0,0,0,0,0,0,0
RETROSEQ_NW_018344099.1:3919980-3920080,0,0,1,0,0,0,0,0,0,0,0
RETROSEQ_NW_018344102.1:3535925-3536025,0,0,1,0,0,0,0,0,0,0,0
RETROSEQ_NW_018344107.1:5470341-5470441,0,0,1,0,0,0,0,0,0,0,0
RETROSEQ_NW_018344120.1:5719481-5719581,0,0,1,0,0,0,0,0,0,0,0
RETROSEQ_NW_018344124.1:3403946-3404046,0,0,1,0,0,0,0,0,0,0,0
RETROSEQ_NW_018344135.1:4138546-4138646,0,0,1,0,0,0,0,0,0,0,0
RETROSEQ_NW_018344139.1:5569906-5570006,0,0,1,0,0,1,1,0,0,0,0
RETROSEQ_NW_018344152.1:4575844-4575944,0,0,1,0,0,0,0,0,0,0,0
RETROSEQ_NW_018344155.1:1708781-1708881,0,0,1,0,0,0,0,0,0,0,0
RETROSEQ_NW_018344156.1:634394-634508,0,0,1,1,0,0,0,0,0,0,0
RETROSEQ_NW_018344157.1:4581943-4582043,0,0,1,0,0,0,0,0,0,0,0
RETROSEQ_NW_018344167.1:320554-320654,0,0,1,0,0,0,0,0,0,0,0
RETROSEQ_NW_018344179.1:1170859-1170959,0,0,1,0,0,0,0,0,0,0,0
RETROSEQ_NW_018344183.1:4117739-4117839,0,0,1,0,0,0,0,0,0,0,0
RETROSEQ_NW_018344184.1:1129280-1129380,0,0,1,0,0,0,0,0,0,0,0
RETROSEQ_NW_018344194.1:4078031-4078143,0,0,1,1,0,0,0,0,0,1,0
RETROSEQ_NW_018344197.1:828259-828359,0,0,1,0,0,0,0,1,0,0,0
RETROSEQ_NW_018344202.1:187561-187668,0,0,1,1,1,1,0,1,0,0,0
RETROSEQ_NW_018344202.1:2555015-2555115,0,0,1,0,0,0,0,0,0,0,0
RETROSEQ_NW_018344202.1:340198-340298,0,0,1,0,0,0,0,0,0,0,0
RETROSEQ_NW_018344204.1:1087077-1087177,0,0,1,0,0,0,0,0,0,0,0
RETROSEQ_NW_018344261.1:745425-745525,0,0,1,0,0,0,0,0,0,0,0
RETROSEQ_NW_018344264.1:1523400-1523503,0,0,1,1,0,0,0,0,0,0,0
RETROSEQ_NW_018344274.1:1318968-1319068,0,0,1,0,0,0,0,0,0,0,0
RETROSEQ_NW_018344286.1:790975-791075,0,0,1,0,0,0,0,0,0,0,0
RETROSEQ_NW_018344308.1:144903-145003,0,0,1,0,0,0,0,0,0,0,0
RETROSEQ_NW_018344344.1:863157-863257,0,0,1,0,0,0,0,1,1,0,0
RETROSEQ_NW_018344350.1:170157-170257,0,0,1,0,0,0,0,0,0,0,0
RETROSEQ_NW_018344423.1:83833-83933,0,0,1,0,1,0,0,0,0,0,0
RETROSEQ_NW_018343953.1:6357528-6357628,0,0,0,1,0,0,0,1,0,0,0
RETROSEQ_NW_018343957.1:2868950-2869069,0,0,0,1,1,0,0,1,0,1,1
RETROSEQ_NW_018343958.1:25181576-25181701,0,0,0,1,0,0,0,0,0,0,1
RETROSEQ_NW_018343959.1:27113680-27113780,0,0,0,1,0,0,0,0,0,0,0
RETROSEQ_NW_018343962.1:21210884-21210984,0,0,0,1,0,0,0,0,0,0,0
RETROSEQ_NW_018343966.1:258454-258554,0,0,0,1,0,0,0,0,0,0,0
RETROSEQ_NW_018343975.1:17432627-17432727,0,0,0,1,1,0,0,0,0,0,1
RETROSEQ_NW_018343976.1:5999647-5999747,0,0,0,1,0,0,0,0,0,0,0
RETROSEQ_NW_018343978.1:16952900-16953021,0,0,0,1,0,0,0,0,0,0,0
RETROSEQ_NW_018343978.1:6044171-6044271,0,0,0,1,0,0,0,0,0,0,0
RETROSEQ_NW_018343979.1:11560684-11560784,0,0,0,1,1,0,0,0,0,0,1
RETROSEQ_NW_018343981.1:20094531-20094631,0,0,0,1,0,0,0,0,0,0,0
RETROSEQ_NW_018343984.1:2743672-2743772,0,0,0,1,0,0,0,0,0,0,0
RETROSEQ_NW_018343989.1:2589143-2589243,0,0,0,1,1,0,0,0,0,0,0
RETROSEQ_NW_018343998.1:15500358-15500458,0,0,0,1,0,0,0,0,0,0,0
RETROSEQ_NW_018344012.1:7566755-7566855,0,0,0,1,0,0,0,0,0,0,0
RETROSEQ_NW_018344018.1:1607949-1608049,0,0,0,1,0,0,0,0,0,0,0
RETROSEQ_NW_018344026.1:8875425-8875525,0,0,0,1,0,0,0,0,0,0,0
RETROSEQ_NW_018344038.1:5347614-5347714,0,0,0,1,0,0,0,0,0,0,0
RETROSEQ_NW_018344041.1:2120630-2120730,0,0,0,1,0,0,0,0,0,0,0
RETROSEQ_NW_018344044.1:2453180-2453280,0,0,0,1,0,1,0,0,0,0,0
RETROSEQ_NW_018344046.1:1523051-1523151,0,0,0,1,0,0,0,0,0,0,0
RETROSEQ_NW_018344046.1:3992797-3992897,0,0,0,1,0,0,0,0,0,0,0
RETROSEQ_NW_018344054.1:7606759-7606859,0,0,0,1,0,1,0,0,0,0,0
RETROSEQ_NW_018344055.1:9021447-9021547,0,0,0,1,0,0,0,0,0,0,1
RETROSEQ_NW_018344059.1:6854430-6854530,0,0,0,1,0,0,0,0,0,0,0
RETROSEQ_NW_018344068.1:5174631-5174731,0,0,0,1,0,0,0,0,0,0,1
RETROSEQ_NW_018344075.1:3149176-3149276,0,0,0,1,0,0,0,0,0,0,0
RETROSEQ_NW_018344077.1:8249960-8250060,0,0,0,1,0,0,0,0,0,0,0
RETROSEQ_NW_018344078.1:8654814-8654914,0,0,0,1,0,0,0,0,0,0,0
RETROSEQ_NW_018344100.1:6624351-6624451,0,0,0,1,0,0,0,0,0,0,1
RETROSEQ_NW_018344101.1:3658596-3658696,0,0,0,1,0,0,0,0,0,0,0
RETROSEQ_NW_018344114.1:2886960-2887060,0,0,0,1,0,0,0,0,0,0,0
RETROSEQ_NW_018344127.1:1764115-1764215,0,0,0,1,0,0,0,0,0,0,0
RETROSEQ_NW_018344130.1:1250967-1251117,0,0,0,1,0,0,0,0,0,0,0
RETROSEQ_NW_018344142.1:3395562-3395675,0,0,0,1,0,0,0,0,0,0,0
RETROSEQ_NW_018344147.1:835502-835602,0,0,0,1,0,0,0,0,0,0,0
RETROSEQ_NW_018344157.1:1570077-1570190,0,0,0,1,0,0,0,0,0,0,0
RETROSEQ_NW_018344166.1:3536855-3536955,0,0,0,1,0,0,0,0,0,0,0
RETROSEQ_NW_018344167.1:980492-980592,0,0,0,1,0,0,0,0,0,0,0
RETROSEQ_NW_018344170.1:4607383-4607483,0,0,0,1,0,0,1,0,0,0,0
RETROSEQ_NW_018344183.1:2268372-2268472,0,0,0,1,1,0,0,0,0,0,0
RETROSEQ_NW_018344183.1:2300950-2301050,0,0,0,1,0,0,0,0,0,0,0
RETROSEQ_NW_018344235.1:1405956-1406056,0,0,0,1,0,0,0,0,0,0,1
RETROSEQ_NW_018344258.1:1943221-1943321,0,0,0,1,0,0,0,1,0,0,0
RETROSEQ_NW_018344258.1:1943418-1943518,0,0,0,1,0,0,0,1,0,0,0
RETROSEQ_NW_018343975.1:3323058-3323158,0,0,0,0,0,1,0,1,0,0,0
RETROSEQ_NW_018344027.1:212066-212166,0,0,0,0,0,1,0,1,0,0,0
RETROSEQ_NW_018343956.1:33356431-33356531,0,0,0,0,0,0,1,0,1,0,0
RETROSEQ_NW_018343963.1:19108578-19108678,0,0,0,0,0,0,1,0,1,0,0
RETROSEQ_NW_018343954.1:3222837-3222937,0,0,0,0,0,0,0,1,0,0,1
RETROSEQ_NW_018343955.1:23840416-23840516,0,0,0,0,0,0,0,1,0,0,0
RETROSEQ_NW_018344046.1:9589644-9589744,0,0,0,0,0,0,0,1,0,0,0
RETROSEQ_NW_018344092.1:8014414-8014514,0,0,0,0,0,0,0,1,0,0,1
RETROSEQ_NW_018344075.1:6182255-6182355,0,0,0,0,0,0,0,0,1,0,0
RETROSEQ_NW_018343952.1:1275459-1275571,0,0,0,0,0,0,0,0,0,1,0
RETROSEQ_NW_018343952.1:35355579-35355679,0,0,0,0,0,0,0,0,0,1,0
RETROSEQ_NW_018343954.1:28813227-28813327,0,0,0,0,0,0,0,0,0,1,0
RETROSEQ_NW_018343954.1:3521904-3522004,0,0,0,0,0,0,0,0,0,1,0
RETROSEQ_NW_018343955.1:23925850-23925950,0,0,0,0,0,0,0,0,0,1,0
RETROSEQ_NW_018343957.1:1776006-1776106,0,0,0,0,0,0,0,0,0,1,0
RETROSEQ_NW_018343958.1:16041373-16041473,0,0,0,0,0,0,0,0,0,1,0
RETROSEQ_NW_018343960.1:19180202-19180302,0,0,0,0,0,0,0,0,0,1,0
RETROSEQ_NW_018343960.1:9285452-9285552,0,0,0,0,0,0,0,0,0,1,0
RETROSEQ_NW_018343961.1:20016269-20016369,0,0,0,0,0,0,0,0,0,1,0
RETROSEQ_NW_018343963.1:4241002-4241102,0,0,0,0,0,0,0,0,0,1,0
RETROSEQ_NW_018343964.1:17541751-17541851,0,0,0,0,0,0,0,0,0,1,0
RETROSEQ_NW_018343964.1:4962569-4962669,0,0,0,0,0,0,0,0,0,1,0
RETROSEQ_NW_018343965.1:18117982-18118082,0,0,0,0,0,0,0,0,0,1,0
RETROSEQ_NW_018343965.1:8340710-8340810,0,0,0,0,0,0,0,0,0,1,0
RETROSEQ_NW_018343969.1:17393390-17393490,0,0,0,0,0,0,0,0,0,1,0
RETROSEQ_NW_018343970.1:145228-145328,0,0,0,0,0,0,0,0,0,1,0
RETROSEQ_NW_018343971.1:17474921-17475021,0,0,0,0,0,0,0,0,0,1,0
RETROSEQ_NW_018343973.1:5566047-5566147,0,0,0,0,0,0,0,0,0,1,0
RETROSEQ_NW_018343975.1:13595234-13595334,0,0,0,0,0,0,0,0,0,1,0
RETROSEQ_NW_018343977.1:3518421-3518521,0,0,0,0,0,0,0,0,0,1,0
RETROSEQ_NW_018343977.1:9173115-9173215,0,0,0,0,0,0,0,0,0,1,0
RETROSEQ_NW_018343978.1:4764149-4764249,0,0,0,0,0,0,0,0,0,1,0
RETROSEQ_NW_018343980.1:4623532-4623632,0,0,0,0,0,0,0,0,0,1,0
RETROSEQ_NW_018343981.1:2482113-2482213,0,0,0,0,0,0,0,0,0,1,0
RETROSEQ_NW_018343987.1:10789678-10789778,0,0,0,0,0,0,0,0,0,1,0
RETROSEQ_NW_018343988.1:5198606-5198706,0,0,0,0,0,0,0,0,0,1,0
RETROSEQ_NW_018343990.1:17907075-17907175,0,0,0,0,0,0,0,0,0,1,0
RETROSEQ_NW_018343994.1:15117962-15118062,0,0,0,0,0,0,0,0,0,1,0
RETROSEQ_NW_018343997.1:9556256-9556356,0,0,0,0,0,0,0,0,0,1,0
RETROSEQ_NW_018343999.1:1826413-1826513,0,0,0,0,0,0,0,0,0,1,0
RETROSEQ_NW_018344000.1:5147432-5147532,0,0,0,0,0,0,0,0,0,1,0
RETROSEQ_NW_018344005.1:13996248-13996348,0,0,0,0,0,0,0,0,0,1,0
RETROSEQ_NW_018344005.1:5569409-5569509,0,0,0,0,0,0,0,0,0,1,0
RETROSEQ_NW_018344005.1:6080956-6081056,0,0,0,0,0,0,0,0,0,1,0
RETROSEQ_NW_018344006.1:13060245-13060345,0,0,0,0,0,0,0,0,0,1,0
RETROSEQ_NW_018344006.1:14181138-14181238,0,0,0,0,0,0,0,0,0,1,0
RETROSEQ_NW_018344007.1:13325251-13325351,0,0,0,0,0,0,0,0,0,1,0
RETROSEQ_NW_018344009.1:13680754-13680861,0,0,0,0,0,0,0,0,0,1,0
RETROSEQ_NW_018344017.1:8157382-8157482,0,0,0,0,0,0,0,0,0,1,0
RETROSEQ_NW_018344017.1:937206-937306,0,0,0,0,0,0,0,0,0,1,0
RETROSEQ_NW_018344026.1:11733245-11733345,0,0,0,0,0,0,0,0,0,1,0
RETROSEQ_NW_018344026.1:2796520-2796620,0,0,0,0,0,0,0,0,0,1,0
RETROSEQ_NW_018344030.1:305886-305986,0,0,0,0,0,0,0,0,0,1,0
RETROSEQ_NW_018344031.1:2800152-2800252,0,0,0,0,0,0,0,0,0,1,0
RETROSEQ_NW_018344041.1:2119282-2119382,0,0,0,0,0,0,0,0,0,1,0
RETROSEQ_NW_018344043.1:7056402-7056502,0,0,0,0,0,0,0,0,0,1,0
RETROSEQ_NW_018344048.1:1031488-1031588,0,0,0,0,0,0,0,0,0,1,0
RETROSEQ_NW_018344052.1:5367532-5367632,0,0,0,0,0,0,0,0,0,1,0
RETROSEQ_NW_018344053.1:2333596-2333696,0,0,0,0,0,0,0,0,0,1,0
RETROSEQ_NW_018344054.1:7172945-7173045,0,0,0,0,0,0,0,0,0,1,0
RETROSEQ_NW_018344054.1:8367139-8367239,0,0,0,0,0,0,0,0,0,1,0
RETROSEQ_NW_018344059.1:6260727-6260827,0,0,0,0,0,0,0,0,0,1,0
RETROSEQ_NW_018344062.1:3408266-3408366,0,0,0,0,0,0,0,0,0,1,0
RETROSEQ_NW_018344070.1:675637-675737,0,0,0,0,0,0,0,0,0,1,0
RETROSEQ_NW_018344072.1:3502024-3502124,0,0,0,0,0,0,0,0,0,1,0
RETROSEQ_NW_018344075.1:4649802-4649902,0,0,0,0,0,0,0,0,0,1,0
RETROSEQ_NW_018344075.1:7126303-7126403,0,0,0,0,0,0,0,0,0,1,0
RETROSEQ_NW_018344078.1:2648203-2648303,0,0,0,0,0,0,0,0,0,1,0
RETROSEQ_NW_018344082.1:690524-690624,0,0,0,0,0,0,0,0,0,1,0
RETROSEQ_NW_018344088.1:2671670-2671770,0,0,0,0,0,0,0,0,0,1,0
RETROSEQ_NW_018344104.1:1731340-1731440,0,0,0,0,0,0,0,0,0,1,0
RETROSEQ_NW_018344114.1:4188577-4188677,0,0,0,0,0,0,0,0,0,1,0
RETROSEQ_NW_018344115.1:4076022-4076122,0,0,0,0,0,0,0,0,0,1,0
RETROSEQ_NW_018344115.1:6009536-6009636,0,0,0,0,0,0,0,0,0,1,0
RETROSEQ_NW_018344124.1:3997276-3997376,0,0,0,0,0,0,0,0,0,1,0
RETROSEQ_NW_018344126.1:4389400-4389500,0,0,0,0,0,0,0,0,0,1,0
RETROSEQ_NW_018344129.1:4210889-4210989,0,0,0,0,0,0,0,0,0,1,0
RETROSEQ_NW_018344132.1:976851-976951,0,0,0,0,0,0,0,0,0,1,0
RETROSEQ_NW_018344147.1:4401707-4401807,0,0,0,0,0,0,0,0,0,1,0
RETROSEQ_NW_018344148.1:5395366-5395466,0,0,0,0,0,0,0,0,0,1,0
RETROSEQ_NW_018344158.1:1706668-1706768,0,0,0,0,0,0,0,0,0,1,0
RETROSEQ_NW_018344160.1:2536702-2536802,0,0,0,0,0,0,0,0,0,1,0
RETROSEQ_NW_018344167.1:547605-547705,0,0,0,0,0,0,0,0,0,1,0
RETROSEQ_NW_018344169.1:4099028-4099128,0,0,0,0,0,0,0,0,0,1,0
RETROSEQ_NW_018344192.1:3394568-3394668,0,0,0,0,0,0,0,0,0,1,0
RETROSEQ_NW_018344202.1:702564-702664,0,0,0,0,0,0,0,0,0,1,0
RETROSEQ_NW_018344203.1:1587119-1587219,0,0,0,0,0,0,0,0,0,1,0
RETROSEQ_NW_018344230.1:2724346-2724446,0,0,0,0,0,0,0,0,0,1,0
RETROSEQ_NW_018344232.1:1246801-1246901,0,0,0,0,0,0,0,0,0,1,0
RETROSEQ_NW_018344235.1:1585923-1586023,0,0,0,0,0,0,0,0,0,1,0
RETROSEQ_NW_018344270.1:464887-464987,0,0,0,0,0,0,0,0,0,1,0
RETROSEQ_NW_018344304.1:1162093-1162193,0,0,0,0,0,0,0,0,0,1,0
RETROSEQ_NW_018344320.1:939241-939341,0,0,0,0,0,0,0,0,0,1,0
RETROSEQ_NW_018344331.1:21556-21656,0,0,0,0,0,0,0,0,0,1,0
RETROSEQ_NW_018344337.1:43870-43970,0,0,0,0,0,0,0,0,0,1,0
RETROSEQ_NW_018344343.1:445999-446099,0,0,0,0,0,0,0,0,0,1,0
RETROSEQ_NW_018344014.1:6005223-6005323,0,0,0,0,0,0,0,0,0,0,1
RETROSEQ_NW_018343959.1:21575569-21575679,0,0,1,1,0,0,0,0,0,1,0
RETROSEQ_NW_018343959.1:25523927-25524027,0,0,1,1,0,0,0,0,0,1,0
RETROSEQ_NW_018343963.1:5879535-5879635,0,0,0,0,0,0,0,0,0,1,0
RETROSEQ_NW_018343973.1:9641131-9641231,0,0,0,0,0,0,0,0,0,1,0
RETROSEQ_NW_018343973.1:16701831-16701954,0,0,0,1,0,0,0,0,0,1,0
RETROSEQ_NW_018343956.1:22649853-22649953,0,0,0,0,0,0,0,0,0,1,0
RETROSEQ_NW_018343956.1:25653114-25653215,1,0,1,1,0,0,0,0,0,1,0
RETROSEQ_NW_018343952.1:14160845-14160945,0,0,0,1,0,0,0,0,0,1,0
RETROSEQ_NW_018343960.1:3050138-3050238,0,0,0,1,0,0,0,0,0,0,0
RETROSEQ_NW_018343967.1:7064889-7064989,0,0,0,1,0,0,0,0,0,0,0
RETROSEQ_NW_018343978.1:2817150-2817250,0,0,0,0,0,0,0,0,0,1,0
RETROSEQ_NW_018343984.1:6710165-6710265,0,0,1,1,0,0,1,0,0,0,0
RETROSEQ_NW_018343990.1:3969763-3969863,0,0,0,0,0,0,0,0,0,1,0
RETROSEQ_NW_018343990.1:4129141-4129241,0,0,0,0,0,0,0,0,0,1,0
RETROSEQ_NW_018343991.1:16098301-16098401,0,0,0,0,0,0,0,0,0,1,0
RETROSEQ_NW_018343993.1:4393660-4393760,0,0,0,1,0,0,0,0,0,0,0
RETROSEQ_NW_018343993.1:15014983-15015083,0,0,0,0,0,0,0,0,0,1,0
RETROSEQ_NW_018344037.1:2668759-2668877,0,0,0,1,0,0,0,0,0,1,0
RETROSEQ_NW_018344056.1:214247-214388,0,0,0,1,0,0,0,0,0,1,0
RETROSEQ_NW_018344081.1:7433980-7434080,0,0,1,0,0,0,0,0,0,0,0
RETROSEQ_NW_018344127.1:2285685-2285801,0,0,1,1,0,0,0,0,0,1,0
RETROSEQ_NW_018344160.1:533380-533552,0,0,0,1,0,0,0,0,0,1,0
RETROSEQ_NW_018344323.1:530604-530704,0,0,0,0,0,0,0,0,0,1,0
RETROSEQ_NW_018343969.1:14861462-14861562,0,0,0,1,0,0,0,0,0,0,0
RETROSEQ_NW_018344040.1:3232403-3232503,0,0,0,0,0,1,0,0,0,0,0
RETROSEQ_NW_018344422.1:158484-158584,0,0,0,0,0,0,0,0,0,1,0
RETROSEQ_NW_018344036.1:4257681-4257781,0,0,0,1,0,0,0,0,0,0,0
RETROSEQ_NW_018344022.1:7476000-7476100,0,0,0,0,0,0,0,0,0,1,0
RETROSEQ_NW_018344022.1:9266300-9266400,0,0,1,1,0,0,0,0,0,1,0
RETROSEQ_NW_018344049.1:7280433-7280533,0,0,1,0,0,0,0,0,0,0,0
RETROSEQ_NW_018343955.1:14912304-14912404,0,0,0,0,0,0,0,0,0,1,0
RETROSEQ_NW_018343955.1:33897862-33897970,0,0,0,1,0,0,0,0,0,1,0
RETROSEQ_NW_018343983.1:10187249-10187349,0,0,0,0,0,0,0,0,0,1,0
RETROSEQ_NW_018344101.1:7473267-7473367,0,0,0,0,0,0,0,0,0,1,0
RETROSEQ_NW_018343979.1:408420-408520,0,0,0,0,0,0,0,0,0,1,0
RETROSEQ_NW_018344076.1:5548317-5548492,0,0,0,1,0,0,0,0,0,1,0
RETROSEQ_NW_018344142.1:5547255-5547355,0,0,0,1,0,0,0,0,0,0,0
RETROSEQ_NW_018344185.1:3063606-3063706,0,0,0,0,0,0,0,0,0,1,0
RETROSEQ_NW_018344032.1:3079723-3079825,0,0,0,1,0,0,0,0,0,1,0
RETROSEQ_NW_018344066.1:762209-762309,0,0,1,0,0,0,0,0,0,0,0
RETROSEQ_NW_018343957.1:21656194-21656352,1,0,0,0,0,0,0,0,0,1,0
RETROSEQ_NW_018344126.1:4632775-4632875,0,0,0,0,0,0,0,0,0,1,0
RETROSEQ_NW_018343974.1:21235356-21235456,0,0,0,0,0,0,0,0,0,1,0
RETROSEQ_NW_018344019.1:11520844-11520944,0,0,0,1,0,0,0,0,0,1,0
RETROSEQ_NW_018344109.1:6894068-6894168,0,0,0,1,0,0,0,0,0,0,0
RETROSEQ_NW_018344153.1:1894334-1894446,0,0,0,1,1,0,0,0,0,1,0
RETROSEQ_NW_018344153.1:2152980-2153080,0,0,0,0,0,0,0,0,0,1,0
RETROSEQ_NW_018344199.1:3170238-3170340,0,0,0,1,0,0,0,0,0,1,0
RETROSEQ_NW_018344084.1:5301571-5301671,0,0,0,0,0,0,0,0,0,1,0
RETROSEQ_NW_018344025.1:8264521-8264621,0,0,0,1,0,0,0,0,0,1,0
RETROSEQ_NW_018344098.1:1726175-1726275,0,0,0,0,0,0,0,0,0,1,0
RETROSEQ_NW_018344180.1:619955-620058,0,0,1,1,0,0,0,1,0,1,1
RETROSEQ_NW_018343965.1:3819391-3819491,0,0,1,1,0,0,0,0,0,0,0
RETROSEQ_NW_018344000.1:2840744-2840844,0,0,0,0,0,0,0,0,0,1,0
RETROSEQ_NW_018344197.1:4028048-4028148,0,0,0,0,0,0,0,0,0,1,0
RETROSEQ_NW_018344225.1:1114688-1114788,0,0,0,0,0,0,0,0,0,1,0
RETROSEQ_NW_018344080.1:3888606-3888706,0,0,0,0,0,0,0,0,0,1,0
RETROSEQ_NW_018344613.1:30982-31082,0,0,0,1,0,0,0,0,0,0,0
RETROSEQ_NW_018344613.1:31141-31241,0,0,0,1,0,0,0,0,0,0,0
RETROSEQ_NW_018344034.1:8736095-8736195,0,0,0,0,0,0,0,0,0,1,0
RETROSEQ_NW_018344302.1:222026-222140,0,0,0,1,0,0,0,0,0,1,0
RETROSEQ_NW_018344302.1:1068640-1068740,0,0,0,0,0,0,0,0,0,1,0
RETROSEQ_NW_018344326.1:882729-882892,1,0,1,1,0,1,1,1,0,1,0
RETROSEQ_NW_018343999.1:15219679-15219779,0,0,0,1,0,0,0,0,0,0,0
RETROSEQ_NW_018344033.1:1128522-1128622,0,0,1,0,0,0,0,0,0,0,0
RETROSEQ_NW_018344089.1:5350062-5350162,0,0,0,0,0,0,0,0,0,1,0
RETROSEQ_NW_018344023.1:12421740-12421885,0,0,0,1,0,0,0,0,0,1,0
RETROSEQ_NW_018344107.1:7365200-7365300,0,0,0,1,0,0,0,0,0,0,0
RETROSEQ_NW_018344115.1:3402652-3402757,0,0,0,1,1,0,0,0,0,0,1
RETROSEQ_NW_018344250.1:2442993-2443142,0,0,0,1,0,0,0,0,0,1,0
RETROSEQ_NW_018344118.1:6600865-6600965,0,1,0,1,0,0,0,0,0,1,0
RETROSEQ_NW_018344198.1:1727171-1727271,0,0,0,0,0,0,0,1,0,0,0
RETROSEQ_NW_018344198.1:1961763-1961863,0,0,0,1,0,0,0,0,0,0,0
RETROSEQ_NW_018344396.1:72231-72331,0,0,1,0,0,0,0,0,0,1,0
RETROSEQ_NW_018344088.1:3463031-3463131,0,0,1,0,0,0,0,0,0,0,0
RETROSEQ_NW_018344064.1:662405-662523,0,0,0,1,0,0,0,0,0,1,0
RETROSEQ_NW_018344209.1:25425-25529,0,0,0,1,0,0,0,0,0,1,0
RETROSEQ_NW_018344382.1:107020-107125,0,0,1,0,0,1,0,0,0,0,0
RETROSEQ_NW_018344291.1:770474-770574,0,0,0,1,0,0,0,0,0,0,0
RETROSEQ_NW_018344533.1:29552-29652,0,0,1,1,0,0,0,0,0,0,0
RETROSEQ_NW_018344372.1:370712-370812,0,0,1,0,0,0,0,0,0,1,0
DELETION_NW_018343952.1:16776752-16783454,1,1,1,1,1,1,1,1,1,1,1
DELETION_NW_018343953.1:37779866-37788554,0,0,1,1,0,0,0,0,0,0,0
DELETION_NW_018343954.1:5978512-5979748,1,1,1,1,1,1,1,1,1,0,1
DELETION_NW_018343956.1:10725166-10725520,1,1,1,1,1,1,1,1,1,0,1
DELETION_NW_018343961.1:21305059-21312253,0,0,1,0,0,0,0,0,0,0,0
DELETION_NW_018343971.1:7508647-7517291,0,0,1,0,0,0,0,0,0,0,0
DELETION_NW_018343972.1:17325687-17333889,1,1,1,1,1,1,1,1,1,1,1
DELETION_NW_018343974.1:284610-293089,1,0,1,0,0,0,0,0,0,0,0
DELETION_NW_018343975.1:21888518-21890861,0,1,1,1,1,1,1,1,1,1,1
DELETION_NW_018343977.1:10009887-10018424,1,1,1,1,1,1,1,1,1,0,1
DELETION_NW_018343978.1:2807272-2815799,1,0,1,0,1,0,0,0,1,0,0
DELETION_NW_018343978.1:17507181-17515832,0,0,1,0,0,0,0,0,0,0,0
DELETION_NW_018343979.1:14125511-14134236,0,0,1,0,0,0,0,0,0,1,0
DELETION_NW_018343981.1:16882171-16890810,0,0,1,0,0,0,0,0,0,0,0
DELETION_NW_018343986.1:17531051-17539680,0,0,1,0,0,0,0,0,0,0,0
DELETION_NW_018343987.1:24779-32930,1,1,1,1,1,1,1,1,1,1,1
DELETION_NW_018343990.1:17700196-17706876,1,1,1,1,1,1,1,1,0,1,1
DELETION_NW_018343993.1:10265633-10273101,1,1,1,1,1,1,1,1,1,1,1
DELETION_NW_018344006.1:14159827-14168255,1,1,1,1,1,1,1,0,1,0,1
DELETION_NW_018344007.1:10556959-10565724,0,0,1,0,0,0,0,0,1,0,0
DELETION_NW_018344023.1:1970119-1970579,0,1,1,0,1,0,0,0,0,0,1
DELETION_NW_018344031.1:1268121-1276297,1,1,1,1,1,1,1,1,1,1,1
DELETION_NW_018344036.1:5232832-5241494,1,1,1,0,1,1,1,0,0,1,0
DELETION_NW_018344040.1:8038186-8048759,1,1,1,1,1,1,1,1,1,1,1
DELETION_NW_018344042.1:4319726-4328597,0,0,1,1,0,1,1,0,0,0,1
DELETION_NW_018344046.1:1636849-1645470,0,1,1,0,1,0,0,0,0,0,0
DELETION_NW_018344052.1:2620730-2644082,1,1,1,1,1,1,1,1,1,1,1
DELETION_NW_018344052.1:7608431-7612290,0,0,1,1,0,1,0,0,0,0,0
DELETION_NW_018344056.1:2283064-2294288,1,1,1,1,1,1,1,1,1,1,1
DELETION_NW_018344059.1:8565269-8572096,0,0,1,0,0,0,0,0,0,0,0
DELETION_NW_018344060.1:1883136-1891898,0,0,1,0,0,0,0,0,0,0,0
DELETION_NW_018344062.1:426440-433821,1,1,1,1,1,1,1,1,1,1,1
DELETION_NW_018344089.1:770295-777693,1,1,1,1,1,1,1,1,1,1,1
DELETION_NW_018344092.1:5237717-5246365,0,1,1,0,0,0,0,0,0,0,0
DELETION_NW_018344115.1:5430921-5437761,0,0,1,0,0,0,0,0,0,0,0
DELETION_NW_018344115.1:5996350-6004998,0,0,1,0,0,0,0,0,0,0,0
DELETION_NW_018344160.1:5241441-5250138,0,0,1,0,0,0,0,0,0,0,0
DELETION_NW_018344243.1:692842-701399,0,0,1,0,0,0,0,0,0,0,0
DELETION_NW_018344278.1:748841-769943,1,1,1,1,1,1,1,1,1,1,1
DELETION_NW_018344278.1:1979178-1986642,1,1,1,1,1,1,1,1,1,1,1
DELETION_NW_018344286.1:112352-112615,1,1,1,0,1,1,1,1,1,1,1
DELETION_NW_018344452.1:76479-86436,1,1,1,1,1,1,1,1,1,1,1
DELETION_NW_018344501.1:35346-43915,1,0,1,0,1,1,0,1,0,0,1
DELETION_NW_018344613.1:30331-32731,1,1,1,1,1,1,1,1,1,1,1
DELETION_NW_018344297.1:1641052-1649224,1,1,1,1,1,1,1,1,1,1,1
DELETION_NW_018344305.1:105586-110799,1,1,1,1,1,1,1,1,1,1,1
DELETION_NW_018344182.1:3982434-3982768,1,1,1,1,1,1,1,1,1,1,1
DELETION_NW_018344443.1:40291-40645,1,1,1,1,1,1,1,1,1,0,1
